{
    "cartItems": [
        {
            "productName": "Awesome Gadget",
            "price": 100,
            "image": "images (2).jpeg"
        },
        {
            "productName": "Fancy Watch",
            "price": 250,
            "image": "images.jpeg"
        },
        {
            "productName": "Cool Sneakers",
            "price": 75,
            "image": "procduct.jpg"
        },
        {
            "productName": "Designer Bag",
            "price": 400,
            "image": "sneaker.jpeg"
        }
    ]
}