{
    "hotBids": [
        {
            "productName": "Awesome Gadget",
            "currentBid": 100,
            "image": "images (2).jpeg"
        },
        {
            "productName": "Fancy Lamp",
            "currentBid": 80,
            "image": "fancy.jpg"
        },
        {
            "productName": "Designer Chair",
            "currentBid": 150,
            "image": "chair.jpeg"
        },
        {
            "productName": "Classic Painting",
            "currentBid": 300,
            "image": "painting.jpeg"
        }
    ]
}