{
    "newlyListed": [
        {
            "productName": "Modern Sofa",
            "startingBid": 150,
            "image": "modernsofa.jpeg"
        },
        {
            "productName": "Designer Lamp",
            "startingBid": 80,
            "image": "lamp.jpeg"
        },
        {
            "productName": "Art Piece",
            "startingBid": 300,
            "image": "artpiece.jpeg"
        },
        {
            "productName": "Kitchen Set",
            "startingBid": 200,
            "image": "kitchen set.jpeg"
        },
        {
            "productName": "Luxury Watch",
            "startingBid": 450,
            "image": "luxury_watch_front.jpg"
        }
    ]
}