{
    "wishlistItems": [
        {
            "productName": "Awesome Gadget",
            "currentBid": "$100",
            "bidEnds": "2 days",
            "imageSrc": "images (2).jpeg"
        },
        {
            "productName": "Fancy Watch",
            "currentBid": "$250",
            "bidEnds": "5 days",
            "imageSrc": "images.jpeg"
        },
        {
            "productName": "Cool Sneakers",
            "currentBid": "$75",
            "bidEnds": "3 days",
            "imageSrc": "procduct.jpg"
        },
        {
            "productName": "Designer Bag",
            "currentBid": "$400",
            "bidEnds": "1 day",
            "imageSrc": "sneaker.jpeg"
        }
    ]
}